id,statefp,placefp,placens,city,population size,cbsa,status of the data,file name,number of trees,last updated,downloaded,have we completed QC yet,source,column meta,box folder,add ndvi and qc
101,39,33012,1085809,Hamilton city,63399,"Cincinnati, OH-KY-IN Metro Area",,hamilton_oh.csv,COMPLETE,,2026,N,City of Hamilton ArcGIS,,,
32,36,51000,2395220,New York city,8804190,"New York-Newark-Jersey City, NY-NJ-PA Metro Area",,newyork_ny.csv,1105283,2025,2026,N,New York Open Data,Y,Y,
82,55,55,,Wisconsin state,,,,state_wi.csv,1072468,April 14 2025,2025,N,WI DNR Open Data,Y,Y,all state_wi files
90,18,18,,Indiana state,,,,state_in.csv,387655,,2025,N,Indiana U ArcGIS,Y,Y,
6,39,18000,1086101,Columbus city,905748,"Columbus, OH Metro Area",,columbus_ohio.csv,222306,2023,2026,Y,Columbus Recreation and Parks,Y,Y,
7,11,50000,2390665,Washington city,689545,"Washington-Arlington-Alexandria, DC-VA-MD-WV Metro Area",,washington_dc.csv,218331,2023,2026,N,Open Data,Y,,
108,37,12000,2404032,Charlotte city,874579,"Charlotte-Concord-Gastonia, NC-SC Metro Area",,charlotte_nc.csv,191860,July 15 2025,2026,N,City of Charlotte ArcGIS,Y,Y,
11,18,36003,2395424,Indianapolis city (balance),887642,"Indianapolis-Carmel-Anderson, IN Metro Area",,indianapolis_in.csv,188968,2025,2025,N,ArcGIS Feature Service,Y,Y,
9,55,53000,1583724,Milwaukee city,577222,"Milwaukee-Waukesha, WI Metro Area",,milwaukee_wi.csv,188189,2025,2025,N,Open Data,Y,Y,
5,42,60000,1215531,Philadelphia city,1603797,"Philadelphia-Camden-Wilmington, PA-NJ-DE-MD Metro Area",,philadelphia_pa.csv,151713,2024,2025,N,Open Data,Y,Y,
45,39,77000,1086537,Toledo city,270871,"Toledo, OH Metro Area",,toledo_oh.csv,138565,June 22 2023,2025,N,City of Toledo ArcGIS,Y,Y,"DBH BROKEN, NEEDS LATLONG"
38,29,65000,767557,St. Louis city,301578,"St. Louis, MO-IL Metro Area",,stlouis_mo.csv,133383,2023,2025,N,St. Louis ArcGIS Map Service,Y,Y,
44,36,11000,978764,Buffalo city,278349,"Buffalo-Cheektowaga, NY Metro Area",,buffalo_ny.csv,133224,May 2025,2025,N,OpenData Buffalo,Y,Y,
50,51,67000,1789073,Richmond city,226610,"Richmond, VA Metro Area",,richmond_va.csv,121427,November 18 2024,2025,N,City of Richmond ArcGIS,Y,Y,
8,24,4000,1702381,Baltimore city,585708,"Baltimore-Columbia-Towson, MD Metro Area",,baltimore_md.csv,121295,2020,2025,N,ArcGIS WebApp,Y,Y,
27,17,51622,2395147,Naperville city,149540,"Chicago-Naperville-Elgin, IL-IN-WI Metro Area",,naperville_il.csv,113730,2025,2026,N,Open Data,Y,Y,
46,55,48000,1583625,Madison city,269840,"Madison, WI Metro Area",,madison_wi.csv,110868,March 26 2025,2025,N,City of Madison Open Data,Y,Y,
66,17,51622,2395147,Naperville city,149540,"Chicago-Naperville-Elgin, IL-IN-WI Metro Area",,naperville_il.csv,94589,October 23 2025,2025,N,Naperville Open Data,Y,Y,
47,51,57000,1498557,Norfolk city,238005,"Virginia Beach-Norfolk-Newport News, VA-NC Metro Area",,norfolk_va.csv,93777,October 20 2025,2025,N,Norfolk Open Data,Y,Y,
3,36,63000,979426,Rochester city,211328,"Rochester, NY Metro Area",,rochester_ny.csv,64508,April 15 2025,2025,N,DataROC,Y,Y,
150,42,42,1210235,Pennsylvania state,,,,state_pa.csv,60541,,2026,Y,Pennsylvania DNCR TreeKeeper,Y,,
113,36,2000,978675,Amherst town,129595,"Buffalo-Cheektowaga, NY Metro Area",,amherst_ny.csv,56451,,2026,Y,Amherst TreeKeeper,Y,,
91,12,45025,2404248,Miami Beach city,82890,"Miami-Fort Lauderdale-Pompano Beach, FL Metro Area",,miamibeach_fl.csv,56448,,2026,N,Miami Beach ArcGIS REST,Y,Y,
4,36,73000,979539,Syracuse city,148620,"Syracuse, NY Metro Area",,syracuse_ny.csv,55676,July 21 2023,2025,N,Open Data,Y,Y,
1,26,3000,1625837,Ann Arbor city,123851,"Ann Arbor, MI Metro Area",,annarbor_mi.csv,54380,,2026,Y,City Gov,Y,Y,
146,12,,,Sarasota county,,,,sarasota_fl.csv,50453,,2026,Y,Sarasota ArcGIS,Y,,
109,25,7000,619463,Boston city,675647,"Boston-Cambridge-Newton, MA-NH Metro Area",,boston_ma.csv,48300,January 23 2026,2026,N,Boston Parks and Rec ArcGIS,Y,Y,
148,9,,,"Greenwich town, CT",,,,greenwich_ct.csv,46423,,2026,Y,Greenwich TreeKeeper,Y,,
37,42,61000,1214818,Pittsburgh city,302971,"Pittsburgh, PA Metro Area",,pittsburgh_pa.csv,45709,2020,2025,N,Western Pennsylvania Regional Data Center,Y,Y,
112,26,76460,1627126,Sterling Heights city,134346,"Detroit-Warren-Dearborn, MI Metro Area",,sterlingheights_mi.csv,43486,,2026,Y,Sterling Heights TreeKeeper,Y,,
100,26,59440,1626829,Novi city,66243,"Detroit-Warren-Dearborn, MI Metro Area",,novi_mi.csv,42158,January 9 2026,2026,N,City of Novi ArcGIS,Y,Y,
31,12,70600,2405563,Tallahassee city,196169,"Tallahassee, FL Metro Area",,tallahassee_fl.csv,41138,2022,2026,Y,Open Data,Y,Y,
147,12,76582,2405720,Weston city,68107,"Miami-Fort Lauderdale-Pompano Beach, FL Metro Area",,weston_fl.csv,39448,March 26 2020,2026,Y,Weston ArcGIS,Y,,
94,17,24582,2394709,Evanston city,78110,"Chicago-Naperville-Elgin, IL-IN-WI Metro Area",,evanston_il.csv,35526,July 3 2025,2026,N,City of Evanston ArcGIS,Y,Y,
176,55,2375,1582703,Appleton city,75644,"Appleton, WI Metro Area",,state_wi.csv,35140,April 14 2025,2025,N,WI DNR Open Data,Y,Y,
95,17,2154,2397986,Arlington Heights village,77676,"Chicago-Naperville-Elgin, IL-IN-WI Metro Area",,arlingtonheights_il.csv,35060,,2026,N,ArcGIS REST,Y,Y,
177,55,31000,1583309,Green Bay city,107395,"Green Bay, WI Metro Area",,state_wi.csv,35054,April 14 2025,2025,N,WI DNR Open Data,Y,Y,
36,39,15000,1086201,Cincinnati city,309317,"Cincinnati, OH-KY-IN Metro Area",,cincinnati_oh.csv,34296,2022,2025,N,Cincinnati Parks ArcGIS Feature Service,Y,Y,
59,12,10275,2403990,Cape Coral city,194016,"Cape Coral-Fort Myers, FL Metro Area",,capecoral_fl.csv,34287,June 2017,2025,N,Cape Coral Open Data,Y,Y,
105,39,22694,2394565,Dublin city,49328,"Columbus, OH Metro Area",,dublin_oh.csv,33685,January 23 2023,2026,N,City of Dublin ArcGIS,Y,Y,
26,36,75021,2390395,Tonawanda Town CDP,57431,"Buffalo-Cheektowaga, NY Metro Area",,tonawanda_ny.csv,33117,2016,2026,N,Tonawanda GIS,Y,Y,
111,25,67000,619388,Springfield city,155929,"Springfield, MA Metro Area",,springfield_ma.csv,32931,,2026,Y,Springfield TreeKeeper,Y,,
107,21,48006,1967434,Louisville/Jefferson County metro government (balance),386884,"Louisville/Jefferson County, KY-IN Metro Area",,louisville_ky_P.csv,32918,August 23 2023,2026,N,Louisville Parks ArcGIS,Y,Y,
69,9,52000,2378285,New Haven city,134023,"New Haven-Milford, CT Metro Area",,newhaven_ct.csv,32553,April 26 2021,2025,N,New Haven ArcGIS,Y,Y,
73,12,12875,2404067,Clearwater city,117292,"Tampa-St. Petersburg-Clearwater, FL Metro Area",,clearwater_fl.csv,32326,2017,2025,N,City of Clearwater ArcGIS,Y,Y,
57,1,51000,2404289,Montgomery city,200603,"Montgomery, AL Metro Area",,montgomery_al.csv,32157,July 11 2025,2025,N,Montgomery Feature Service,Y,Y,
93,17,68003,2399769,Schaumburg village,78723,"Chicago-Naperville-Elgin, IL-IN-WI Metro Area",,schaumburg_il.csv,31757,,2026,N,ArcGIS,Y,Y,
14,18,5860,2394196,Bloomington city,79168,"Bloomington, IN Metro Area",,bloomington_in.csv,31275,2025,2025,N,ArcGIS Feature Service,,,
110,47,40000,2404842,Knoxville city,190740,"Knoxville, TN Metro Area",,knoxville_tn.csv,30645,,2026,Y,Knoxville TreeKeeper,Y,,
49,51,3000,2389148,Arlington CDP,238643,"Washington-Arlington-Alexandria, DC-VA-MD-WV Metro Area",,arlington_va.csv,30067,June 27 2025,2025,N,Arlington ArcGIS,Y,Y,
28,25,11000,619396,Cambridge city,118403,"Boston-Cambridge-Newton, MA-NH Metro Area",,cambridge_ma.csv,29982,2025,2026,Y,City of Cambridge,Y,Y,
30,17,12385,2393796,Champaign city,88302,"Champaign-Urbana, IL Metro Area",,champaign_il.csv,29340,2025,2026,N,City of Champaign,Y,Y,
178,55,84250,1584371,Waukesha city,71158,"Milwaukee-Waukesha, WI Metro Area",,state_wi.csv,28199,April 14 2025,2025,N,WI DNR Open Data,Y,Y,
43,37,19000,2403521,Durham city,283506,"Durham-Chapel Hill, NC Metro Area",,durham_nc.csv,28139,2024,2025,N,Durham NC ArcGIS Feature Layer,Y,Y,
13,18,10342,2393750,Carmel city,99757,"Indianapolis-Carmel-Anderson, IN Metro Area",,carmel_in.csv,27966,2025,2025,N,ArcGIS Feature Service,,,
114,9,37000,2378277,Hartford city,121054,"Hartford-East Hartford-Middletown, CT Metro Area",,hartford_ct.csv,27667,,2026,Y,Hartford TreeKeeper,Y,,
179,55,22300,1583124,Eau Claire (City),,,,state_wi.csv,27279,April 14 2025,2025,N,WI DNR Open Data,Y,Y,
180,55,84475,1584379,Wausau city,39994,"Wausau-Weston, WI Metro Area",,state_wi.csv,27238,April 14 2025,2025,N,WI DNR Open Data,Y,Y,
181,55,66000,1583991,Racine city,77816,"Racine, WI Metro Area",,state_wi.csv,26959,April 14 2025,2025,N,WI DNR Open Data,Y,Y,
118,55,99073,1581096,Marathon county,,,,marathon_wi_P.csv,26641,,2026,Y,Marathon County TreeKeeper,Y,,
182,55,39225,1583472,Kenosha city,99986,"Chicago-Naperville-Elgin, IL-IN-WI Metro Area",,state_wi.csv,26555,April 14 2025,2025,N,WI DNR Open Data,Y,Y,
119,42,44976,1216860,Lower Merion town,,,,lowermerion_pa.csv,25717,,2026,Y,Lower Merion TreeKeeper,Y,,
40,37,28000,2403745,Greensboro city,299035,"Greensboro-High Point, NC Metro Area",,greensboro_nc.csv,25620,2023,2025,N,Greensboro ArcGIS Map Server,Y,Y,
72,12,54275,2407519,Palmetto Bay village,24439,"Miami-Fort Lauderdale-Pompano Beach, FL Metro Area",,palmettobay_fl.csv,25569,2022,2025,N,InterDev ArcGIS,Y,Y,
183,55,78650,1584257,Superior,,,,state_wi.csv,25508,April 14 2025,2025,N,WI DNR Open Data,Y,Y,
115,36,1000,978659,Albany city,99224,"Albany-Schenectady-Troy, NY Metro Area",,albany_ny.csv,24902,,2026,Y,Albany TreeKeeper,Y,,
149,,,,Vermont state,,,,state_vt.csv,24811,,2026,Y,Vermont ANR ArcGIS,Y,,
60,44,59000,1220076,Providence city,190934,"Providence-Warwick, RI-MA Metro Area",,providence_ri.csv,24525,March 9 2016,2025,N,City of Providence Open Data,Y,Y,reexport with ID generated in R
122,17,6613,2394197,Bloomington city,78680,"Bloomington, IL Metro Area",,bloomington_in.csv,23995,,2026,Y,Bloomington TreeKeeper,Y,,
117,25,45560,619408,Newton city,88923,"Boston-Cambridge-Newton, MA-NH Metro Area",,newton_ma.csv,23919,,2026,Y,Newton TreeKeeper,Y,,
34,51,82000,1498559,Virginia Beach city,459470,"Virginia Beach-Norfolk-Newport News, VA-NC Metro Area",,virginiabeach_va.csv,23825,2025,2025,N,vbgov ArcGIS Feature Service,Y,Y,
116,25,15060,619398,Concord town,,,,concord_ma.csv,23811,,2026,Y,Concord TreeKeeper,Y,,
184,55,85300,1584397,West Allis city,60325,"Milwaukee-Waukesha, WI Metro Area",,state_wi.csv,23448,April 14 2025,2025,N,WI DNR Open Data,Y,Y,
151,25,35250,2378152,Lexington CDP,34454,"Boston-Cambridge-Newton, MA-NH Metro Area",,lexington_ma.csv,23135,,2026,Y,Lexington ArcGIS,Y,,
120,17,34722,2394377,Highland Park city,30176,"Chicago-Naperville-Elgin, IL-IN-WI Metro Area",,highlandpark_il.csv,22125,,2026,Y,Highland Park TreeKeeper,Y,,
121,17,57875,2396148,Park Ridge city,39656,"Chicago-Naperville-Elgin, IL-IN-WI Metro Area",,parkridge_il.csv,22109,,2026,Y,Park Ridge TreeKeeper,Y,,
98,23,60545,582683,Portland city,68408,"Portland-South Portland, ME Metro Area",,portland_me.csv,21688,November 28 2022,2026,N,City of Portland ArcGIS,Y,Y,
185,55,72975,1584136,Sheboygan city,49929,"Sheboygan, WI Metro Area",,state_wi.csv,21584,April 14 2025,2025,N,WI DNR Open Data,Y,Y,
56,12,58715,2404558,Port St. Lucie city,204851,"Port St. Lucie, FL Metro Area",,portstlucie_fl.csv,20826,September 24 2024,2025,N,Port St Lucie Feature Layer,Y,Y,
123,17,19642,2394524,Des Plaines city,60675,"Chicago-Naperville-Elgin, IL-IN-WI Metro Area",,desplaines_il.csv,19878,,2026,Y,Des Plaines TreeKeeper,Y,,
124,17,66703,2396476,St. Charles city,33081,"Chicago-Naperville-Elgin, IL-IN-WI Metro Area",,stcharles_il.csv,19377,,2026,Y,St. Charles TreeKeeper,Y,,
152,12,49450,2404394,North Miami city,60191,"Miami-Fort Lauderdale-Pompano Beach, FL Metro Area",,northmiamibeach_fl.csv,19138,,2026,Y,North Miami Beach ArcGIS,Y,,
102,25,9210,2377996,Brookline CDP,63191,"Boston-Cambridge-Newton, MA-NH Metro Area",,brookline_ma.csv,19040,July 30 2020,2026,N,City of Brookline ArcGIS,Y,Y,
186,55,26275,1583208,Fond du Lac city,44678,"Fond du Lac, WI Metro Area",,state_wi.csv,18879,April 14 2025,2025,N,WI DNR Open Data,Y,Y,
153,17,44407,2398468,Lombard village,44476,"Chicago-Naperville-Elgin, IL-IN-WI Metro Area",,lombard_il.csv,18874,February 2023,2026,Y,Lombard ArcGIS,Y,,
78,17,72000,2395940,Springfield city,114394,"Springfield, IL Metro Area",,springfield_il.csv,18715,October 31 2024,2025,N,Springfield ArcGIS Portal,Y,Y,
154,17,54885,2399539,Oak Park village,54583,"Chicago-Naperville-Elgin, IL-IN-WI Metro Area",,oakpark_il.csv,18575,June 2 2021,2026,Y,Oak Park ArcGIS,Y,,
67,13,69000,2405429,Savannah city,147780,"Savannah, GA Metro Area",,savannah_ga.csv,18521,April 3 2022,2025,N,Savannah ArcGIS,Y,Y,
125,34,60900,2743608,Princeton,30681,"Trenton-Princeton, NJ Metro Area",,princeton_nj.csv,18406,,2026,Y,Princeton TreeKeeper,Y,,
187,55,40775,1583499,La Crosse (City),,,,state_wi.csv,18222,April 14 2025,2025,N,WI DNR Open Data,Y,Y,
126,18,28386,2394935,Goshen city,34517,"Elkhart-Goshen, IN Metro Area",,goshen_in.csv,17988,,2026,Y,Goshen TreeKeeper,Y,,
127,17,82075,2399704,Wilmette village,28170,"Chicago-Naperville-Elgin, IL-IN-WI Metro Area",,wilmette_il.csv,17635,,2026,Y,Wilmette TreeKeeper,Y,,
80,12,58050,2404547,Pompano Beach city,112046,"Miami-Fort Lauderdale-Pompano Beach, FL Metro Area",,pompanobeach_fl.csv,15936,December 21 2023,2025,N,Pompano Beach ArcGIS,Y,Y,
39,29,65000,767557,St. Louis city (parks),301578,"St. Louis, MO-IL Metro Area",,stlouis_mo_P.csv,15872,2023,2025,N,St. Louis ArcGIS Map Service,Y,Y,
16,18,51876,2395138,Muncie city,65194,"Muncie, IN Metro Area",,muncie_in.csv,15574,2025,2025,N,ArcGIS Feature Service,,,
129,17,77005,2397097,Urbana city,38336,"Champaign-Urbana, IL Metro Area",,urbana_il.csv,14908,,2026,Y,Urbana TreeKeeper,Y,,
188,55,25950,1583204,Fitchburg city,29609,"Madison, WI Metro Area",,state_wi.csv,14375,April 14 2025,2025,N,WI DNR Open Data,Y,Y,
157,26,38640,1626478,Holland city,34378,"Holland, MI Micro Area",,holland_mi.csv,14309,,2026,Y,Holland ArcGIS,Y,,
131,26,56320,1626783,Muskegon city,38318,"Muskegon, MI Metro Area",,muskegon_mi.csv,14204,,2026,Y,Muskegon TreeKeeper,Y,NO LATLONG DATA,
130,37,25580,2403684,Gastonia city,80411,"Charlotte-Concord-Gastonia, NC-SC Metro Area",,gastonia_nc.csv,14199,,2026,Y,Gastonia TreeKeeper,Y,,
132,24,30325,2390588,Frederick city,78171,"Washington-Arlington-Alexandria, DC-VA-MD-WV Metro Area",,frederick_md.csv,14064,,2026,Y,Frederick TreeKeeper,Y,,
15,18,40788,2395583,Lafayette city,70783,"Lafayette-West Lafayette, IN Metro Area",,lafayette_in.csv,13951,2025,2025,N,ArcGIS Feature Service,,,
99,36,65508,979468,Schenectady city,67047,"Albany-Schenectady-Troy, NY Metro Area",,schenectady_ny.csv,13542,2022,2026,N,City of Schenectady ArcGIS,Y,Y,
97,42,6088,1217330,Bethlehem city,75781,"Allentown-Bethlehem-Easton, PA-NJ Metro Area",,bethlehem_pa.csv,13439,2020,2026,N,City of Bethlehem ArcGIS,Y,Y,
2,36,38077,979099,Ithaca city,32108,"Ithaca, NY Metro Area",,ithaca_ny.csv,13258,2024,2025,N,Open Data,Y,Y,
159,17,32018,2398219,Gurnee village,30706,"Chicago-Naperville-Elgin, IL-IN-WI Metro Area",,gurnee_il.csv,13236,2026,2026,Y,Gurnee ArcGIS,Y,,
133,17,53234,2396818,Normal town,52736,"Bloomington, IL Metro Area",,normal_il.csv,13192,,2026,Y,Normal TreeKeeper,Y,,
41,34,36000,885264,Jersey City city,292449,"New York-Newark-Jersey City, NY-NJ-PA Metro Area",,jerseycity_nj.csv,12954,2021,2025,N,Jersey City ArcGIS Feature Server,Y,Y,
128,12,45100,2406152,Miami Lakes town,30467,"Miami-Fort Lauderdale-Pompano Beach, FL Metro Area",,miamilakes_fl.csv,12784,,2026,Y,Miami Lakes TreeKeeper,Y,,
158,47,14000,2404035,Chattanooga city,181099,"Chattanooga, TN-GA Metro Area",,chattanooga_tn.csv,12406,2026,2026,Y,Chattanooga ArcGIS,Y,,
189,55,31175,1583314,Greenfield city,37803,"Milwaukee-Waukesha, WI Metro Area",,state_wi.csv,12209,April 14 2025,2025,N,WI DNR Open Data,Y,Y,
12,18,22000,2394710,Evansville city,117298,"Evansville, IN-KY Metro Area",,evansville_in.csv,12138,2025,2025,N,ArcGIS Feature Service,,,
84,25,45000,619435,New Bedford city,101079,"Providence-Warwick, RI-MA Metro Area",,newbedford_ma.csv,11997,2023,2025,N,Tighe & Bond ArcGIS,Y,Y,
190,55,60500,1583876,Oshkosh city,66816,"Oshkosh-Neenah, WI Metro Area",,state_wi.csv,11872,April 14 2025,2025,N,WI DNR Open Data,Y,Y,
58,26,34000,1626373,Grand Rapids city,198917,"Grand Rapids-Kentwood, MI Metro Area",,grandrapids_mi.csv,11643,2016,2025,N,Grand Rapids Feature Service,Y,Y,
160,24,31175,2390591,Gaithersburg city,69657,"Washington-Arlington-Alexandria, DC-VA-MD-WV Metro Area",,gaithersburg_md.csv,11459,2025,2026,Y,Gaithersburg ArcGIS,Y,,
161,25,1640,2377981,Arlington CDP,46308,"Boston-Cambridge-Newton, MA-NH Metro Area",,arlington_ma.csv,10947,2025,2026,Y,Arlington ArcGIS,Y,,
135,18,78326,2397114,Valparaiso city,34151,"Chicago-Naperville-Elgin, IL-IN-WI Metro Area",,valparaiso_in.csv,10880,,2026,Y,Valparaiso TreeKeeper,Y,,
155,17,5573,2394154,Berwyn city,57250,"Chicago-Naperville-Elgin, IL-IN-WI Metro Area",,berwyn_il.csv,10772,August 2022,2026,Y,Berwyn ArcGIS,Y,,
136,36,37737,2389971,Irondequoit CDP,51043,"Rochester, NY Metro Area",,irondequoit_ny.csv,10630,,2026,Y,Irondequoit TreeKeeper,Y,,
191,55,78600,1584255,Sun Prairie city,35967,"Madison, WI Metro Area",,state_wi.csv,10505,April 14 2025,2025,N,WI DNR Open Data,Y,Y,
192,55,78600,1584255,Sun Prairie,,,,state_wi.csv,10505,April 14 2025,2025,N,WI DNR Open Data,Y,Y,
25,18,33466,2396994,Highland town,23984,"Chicago-Naperville-Elgin, IL-IN-WI Metro Area",,highland_in.csv,10497,2025,2025,N,ArcGIS Feature Service,,,
70,42,2000,1215372,Allentown city,125845,"Allentown-Bethlehem-Easton, PA-NJ Metro Area",,allentown_pa.csv,10496,January 10 2022,2025,N,Allentown ArcGIS,Y,Y,
156,12,78275,2405773,Winter Haven city,49219,"Lakeland-Winter Haven, FL Metro Area",,winterhaven_fl.csv,10483,2020,2026,Y,Winter Haven ArcGIS,Y,,
76,37,74440,2405754,Wilmington city,115451,"Wilmington, NC Metro Area",,wilmington_nc.csv,10461,2022,2025,N,Wilmington PublicWorks ArcGIS,Y,Y,
162,39,48160,2395035,Marysville city,25571,"Columbus, OH Metro Area",,marysville_oh.csv,10460,2026,2026,Y,Marysville ArcGIS,Y,,
137,36,6607,978733,Binghamton city,47969,"Binghamton, NY Metro Area",,binghamton_ny.csv,10446,,2026,Y,Binghamton TreeKeeper,Y,,
79,26,24120,1626207,East Lansing city,47741,"Lansing-East Lansing, MI Metro Area",,eastlansing_mi.csv,10274,July 11 2024,2025,N,East Lansing ArcGIS,Y,Y,
138,36,29828,979012,Grand Island town,,,,grandisland_ny.csv,10145,,2026,Y,Grand Island TreeKeeper,Y,,
92,25,62535,619409,Somerville city,81045,"Boston-Cambridge-Newton, MA-NH Metro Area",,somerville_ma.csv,10001,March 5 2023,2026,N,ArcGIS,Y,Y,
193,55,85350,1584399,West Bend city,31752,"Milwaukee-Waukesha, WI Metro Area",,state_wi.csv,9941,April 14 2025,2025,N,WI DNR Open Data,Y,Y,
134,51,27200,1495526,Falls Church city,,,,fallschurch_va.csv,9940,,2026,Y,Falls Church TreeKeeper,Y,,
194,55,27300,1583234,Franklin city,36816,"Milwaukee-Waukesha, WI Metro Area",,state_wi.csv,9858,April 14 2025,2025,N,WI DNR Open Data,Y,Y,
164,25,46330,619392,Northampton city,29571,"Springfield, MA Metro Area",,northampton_ma.csv,9853,,2026,Y,Northampton ArcGIS,Y,,
195,55,51575,1583711,Middleton city,21827,"Madison, WI Metro Area",,state_wi.csv,9749,April 14 2025,2025,N,WI DNR Open Data,Y,Y,
77,17,70720,2399846,South Elgin village,23865,"Chicago-Naperville-Elgin, IL-IN-WI Metro Area",,southelgin_il.csv,9712,2014,2025,N,South Elgin ArcGIS,Y,Y,
87,34,74000,885421,Trenton city,90871,"Trenton-Princeton, NJ Metro Area",,trenton_nj.csv,9590,"October 31, 2025",2025,N,Trenton NJ ArcGIS,Y,Y,
96,12,17935,2404236,Doral city,75874,"Miami-Fort Lauderdale-Pompano Beach, FL Metro Area",,doral_fl.csv,9324,May 24 2022,2026,N,City of Doral ArcGIS,Y,Y,
196,55,35950,1583412,Howard,,,,state_wi.csv,9121,April 14 2025,2025,N,WI DNR Open Data,Y,Y,
197,55,58800,1583835,Oak Creek city,36497,"Milwaukee-Waukesha, WI Metro Area",,state_wi.csv,9013,April 14 2025,2025,N,WI DNR Open Data,Y,Y,
143,18,,,"Muncie, IN",,,,muncie_in.csv,8958,,2026,Y,,Y,from state inv,
198,55,13375,1582936,Cedarburg,,,,state_wi.csv,8862,April 14 2025,2025,N,WI DNR Open Data,Y,Y,
199,55,86700,1584425,Whitefish Bay,,,,state_wi.csv,8710,April 14 2025,2025,N,WI DNR Open Data,Y,Y,
165,,,,"Millburn, NJ",,,,millburn_nj.csv,8652,,2026,Y,Millburn ArcGIS,Y,,
85,42,41216,1215339,Lancaster city,58039,"Lancaster, PA Metro Area",,lancaster_pa.csv,8581,September 20 2016,2025,N,City of Lancaster ArcGIS,Y,Y,
200,55,68275,1584041,River Falls,,,,state_wi.csv,8508,April 14 2025,2025,N,WI DNR Open Data,Y,Y,
166,,,,"Trenton, MI",,,,trenton_mi.csv,8484,,2026,Y,Trenton ArcGIS,Y,,
201,55,19775,1583076,De Pere city,25410,"Green Bay, WI Metro Area",,state_wi.csv,8432,April 14 2025,2025,N,WI DNR Open Data,Y,Y,
68,12,45975,2404275,Miramar city,134721,"Miami-Fort Lauderdale-Pompano Beach, FL Metro Area",,miramar_fl.csv,8331,April 2025,2025,N,Miramar ArcGIS,Y,Y,
202,55,51000,1583695,Menomonee Falls village,38527,"Milwaukee-Waukesha, WI Metro Area",,state_wi.csv,8318,April 14 2025,2025,N,WI DNR Open Data,Y,Y,
55,25,82000,619493,Worcester city,206518,"Worcester, MA-CT Metro Area",,worcester_ma.csv,8312,October 5 2020,2025,N,Worcester Tree Initiative,Y,Y,NO DBH
18,18,75428,2396042,Terre Haute city,58389,"Terre Haute, IN Metro Area",,terehaute_in.csv,8107,2025,2025,N,ArcGIS Feature Service,,,
171,26,,,"Ferndale, MI",,,,ferndale_mi.csv,8084,,2026,Y,Ferndale TreeKeeper,Y,,
170,25,,,"Shrewsbury town, MA",,,,shrewsbury_ma.csv,8083,,2026,Y,Shrewsbury TreeKeeper,Y,,
203,55,84350,1584374,Waunakee,,,,state_wi.csv,8033,April 14 2025,2025,N,WI DNR Open Data,Y,Y,
169,25,5105,2377988,Belmont CDP,27295,"Boston-Cambridge-Newton, MA-NH Metro Area",,belmont_ma.csv,8027,,2026,Y,Belmont TreeKeeper,Y,,
204,55,27075,1583227,Fox Point,,,,state_wi.csv,7978,April 14 2025,2025,N,WI DNR Open Data,Y,Y,
205,55,3425,1582725,Ashwaubenon,,,,state_wi.csv,7962,April 14 2025,2025,N,WI DNR Open Data,Y,Y,
20,18,48528,2396754,Merrillville town,36444,"Chicago-Naperville-Elgin, IL-IN-WI Metro Area",,merrillville_in.csv,7841,2025,2025,N,ArcGIS Feature Service,,,
206,55,23575,1583157,Elm Grove,,,,state_wi.csv,7713,April 14 2025,2025,N,WI DNR Open Data,Y,Y,
172,25,74210,2378032,Wellesley CDP,29550,"Boston-Cambridge-Newton, MA-NH Metro Area",,wellesley_ma.csv,7554,,2026,Y,Wellesley ArcGIS,Y,,
42,34,36000,885264,Jersey City city (park),292449,"New York-Newark-Jersey City, NY-NJ-PA Metro Area",,jerseycity_nj_P.csv,7517,2021,2025,N,Jersey City ArcGIS Feature Server,Y,Y,
174,17,18563,2393715,Danville city,29204,"Danville, IL Metro Area",,danville_il.csv,7367,,2026,Y,Danville ArcGIS,Y,,
173,39,39872,2395512,Kent city,28215,"Akron, OH Metro Area",,kent_oh.csv,7110,,2026,Y,Kent TreeKeeper,Y,,
175,39,,,"Bexley, OH",,,,bexley_oh.csv,7108,,2026,Y,Bexley ArcGIS,Y,,
207,55,59925,1583861,Onalaska,,,,state_wi.csv,7042,April 14 2025,2025,N,WI DNR Open Data,Y,Y,
208,55,77200,1584223,Stevens Point city,25666,"Stevens Point, WI Micro Area",,state_wi.csv,7014,April 14 2025,2025,N,WI DNR Open Data,Y,Y,
209,55,73750,1584156,Shorewood Hills,,,,state_wi.csv,6635,April 14 2025,2025,N,WI DNR Open Data,Y,Y,
83,37,,,Cabarrus county,,,,cabarrus_nc.csv,6491,April 10 2025,2025,N,Cabarrus County ArcGIS,Y,Y,
210,55,50825,1583692,Menasha,,,,state_wi.csv,6377,April 14 2025,2025,N,WI DNR Open Data,Y,Y,
61,47,15160,2404061,Clarksville city,166722,"Clarksville, TN-KY Metro Area",,clarksville_tn.csv,6371,2009,2025,N,Clarksville ArcGIS Feature Layer,Y,Y,
168,36,59641,979392,Poughkeepsie city,31577,"Poughkeepsie-Newburgh-Middletown, NY Metro Area",,poughkeepsie_ny.csv,6368,2019,2026,Y,Poughkeepsie ArcGIS,Y,,
211,55,56375,1583799,New Berlin city,40451,"Milwaukee-Waukesha, WI Metro Area",,state_wi.csv,6341,April 14 2025,2025,N,WI DNR Open Data,Y,Y,
212,55,73725,1584155,Shorewood,,,,state_wi.csv,6298,April 14 2025,2025,N,WI DNR Open Data,Y,Y,
88,26,56020,1626776,Mount Pleasant city,21688,"Mount Pleasant, MI Micro Area",,mountpleasant_wi.csv,6188,September 19 2025,2025,N,Mt Pleasant ArcGIS,Y,Y,
167,42,32800,1215162,Harrisburg city,50099,"Harrisburg-Carlisle, PA Metro Area",,harrisburg_pa.csv,6165,2018,2026,Y,Harrisburg ArcGIS,Y,,
213,55,4625,1582749,Baraboo,,,,state_wi.csv,5982,April 14 2025,2025,N,WI DNR Open Data,Y,Y,
214,55,14575,1582958,Chippewa Falls,,,,state_wi.csv,5958,April 14 2025,2025,N,WI DNR Open Data,Y,Y,
215,55,36250,1583417,Hudson,,,,state_wi.csv,5853,April 14 2025,2025,N,WI DNR Open Data,Y,Y,
23,18,34114,2394393,Hobart city,29752,"Chicago-Naperville-Elgin, IL-IN-WI Metro Area",,hobart_in.csv,5846,2025,2025,N,ArcGIS Feature Service,,,
216,55,83975,1584365,Watertown city,22926,"Watertown-Fort Atkinson, WI Micro Area",,state_wi.csv,5797,April 14 2025,2025,N,WI DNR Open Data,Y,Y,
217,55,77675,1584233,Stoughton,,,,state_wi.csv,5771,April 14 2025,2025,N,WI DNR Open Data,Y,Y,
218,55,30000,1583293,Grafton,,,,state_wi.csv,5742,April 14 2025,2025,N,WI DNR Open Data,Y,Y,
219,55,51025,1583696,Menomonie,,,,state_wi.csv,5529,April 14 2025,2025,N,WI DNR Open Data,Y,Y,
220,55,55750,1583784,Neenah city,27319,"Oshkosh-Neenah, WI Metro Area",,state_wi.csv,5524,April 14 2025,2025,N,WI DNR Open Data,Y,Y,
19,18,52326,2395181,New Albany city,37841,"Louisville/Jefferson County, KY-IN Metro Area",,newalbany_in.csv,5244,2025,2025,N,ArcGIS Feature Service,,,
104,12,63650,2405418,Sanford city,61051,"Orlando-Kissimmee-Sanford, FL Metro Area",,sanford_fl2.csv,5210,October 7 2020,2026,N,ArcGIS,Y,Y,
89,17,79293,2397222,Waukegan city,89321,"Chicago-Naperville-Elgin, IL-IN-WI Metro Area",,waukegan_il.csv,5137,April 13 2018,2025,N,Graf GIS,Y,Y,
221,55,1150,1582674,Allouez,,,,state_wi.csv,5083,April 14 2025,2025,N,WI DNR Open Data,Y,Y,
21,18,60246,2396859,Plainfield town,34625,"Indianapolis-Carmel-Anderson, IN Metro Area",,plainfield_in.csv,4968,2025,2025,N,ArcGIS Feature Service,,,
222,55,26675,1583219,Fort Atkinson,,,,state_wi.csv,4822,April 14 2025,2025,N,WI DNR Open Data,Y,Y,
86,17,55249,2395302,O'Fallon city,32289,"St. Louis, MO-IL Metro Area",,ofallon_il.csv,4778,September 26 2025,2025,N,City of O'Fallon ArcGIS,Y,Y,
223,55,49675,1583666,Marshfield,,,,state_wi.csv,4776,April 14 2025,2025,N,WI DNR Open Data,Y,Y,
29,12,12875,2404067,Clearwater city,117292,"Tampa-St. Petersburg-Clearwater, FL Metro Area",,clearwater_fl.csv,4710,2020,2025,N,City of Clearwater,EDITED,,
163,,,,Kentucky state,,,,state_ky.csv,4622,2019,2026,Y,Kentucky ArcGIS,Y,,
103,12,63650,2405418,Sanford city,61051,"Orlando-Kissimmee-Sanford, FL Metro Area",,sanford_fl1.csv,4575,August 18 2018,2026,N,ArcGIS,Y,Y,
224,55,29400,1583281,Glendale,,,,state_wi.csv,4569,April 14 2025,2025,N,WI DNR Open Data,Y,Y,
17,18,40392,2395560,Kokomo city,59604,"Kokomo, IN Metro Area",,kokomo_in.csv,4525,2025,2025,N,ArcGIS Feature Service,,,
225,55,59250,1583847,Oconomowoc,,,,state_wi.csv,4488,April 14 2025,2025,N,WI DNR Open Data,Y,Y,
226,55,33100,1583363,Hartland,,,,state_wi.csv,4477,April 14 2025,2025,N,WI DNR Open Data,Y,Y,
227,55,6350,2013446,Bellevue,,,,state_wi.csv,4472,April 14 2025,2025,N,WI DNR Open Data,Y,Y,
228,55,19350,1583064,DeForest,,,,state_wi.csv,4442,April 14 2025,2025,N,WI DNR Open Data,Y,Y,
24,18,8416,2396611,Brownsburg town,28973,"Indianapolis-Carmel-Anderson, IN Metro Area",,brownsburg_in.csv,4423,2025,2025,N,ArcGIS Feature Service,,,
10,34,32250,885257,Hoboken city,60419,"New York-Newark-Jersey City, NY-NJ-PA Metro Area",,hoboken_nj.csv,4303,2023,2025,N,ArcGIS Feature Service,Y,,
229,55,53675,1583738,Monona,,,,state_wi.csv,4263,April 14 2025,2025,N,WI DNR Open Data,Y,Y,
230,55,75325,1584181,Sparta,,,,state_wi.csv,4259,April 14 2025,2025,N,WI DNR Open Data,Y,Y,
231,55,57100,1583816,New Richmond,,,,state_wi.csv,4223,April 14 2025,2025,N,WI DNR Open Data,Y,Y,
145,18,,,"Crawfordsville, IN",,,,crawfordsville_in.csv,4166,,2026,Y,,Y,,
232,55,82600,1584328,Verona,,,,state_wi.csv,4135,April 14 2025,2025,N,WI DNR Open Data,Y,Y,
141,18,,,"Clarksville, IN",,,,clarksville_in.csv,4046,,2026,Y,,Y,,
233,55,28875,1583269,Germantown village,20917,"Milwaukee-Waukesha, WI Metro Area",,state_wi.csv,4015,April 14 2025,2025,N,WI DNR Open Data,Y,Y,
234,55,53750,1583740,Monroe,,,,state_wi.csv,3974,April 14 2025,2025,N,WI DNR Open Data,Y,Y,
235,55,66800,1584005,Reedsburg,,,,state_wi.csv,3969,April 14 2025,2025,N,WI DNR Open Data,Y,Y,
236,55,88200,1584463,Wisconsin Rapids,,,,state_wi.csv,3916,April 14 2025,2025,N,WI DNR Open Data,Y,Y,
237,55,3225,1582723,Ashland,,,,state_wi.csv,3906,April 14 2025,2025,N,WI DNR Open Data,Y,Y,
238,55,5450,1582766,Bayside,,,,state_wi.csv,3781,April 14 2025,2025,N,WI DNR Open Data,Y,Y,
239,55,55050,1583770,Mukwonago,,,,state_wi.csv,3768,April 14 2025,2025,N,WI DNR Open Data,Y,Y,
240,55,,,Greenville,,,,state_wi.csv,3748,April 14 2025,2025,N,WI DNR Open Data,Y,Y,
142,18,,,"Auburn, IN",,,,auburn_in.csv,3709,,2026,Y,,Y,,
241,55,41675,1583514,Lake Mills,,,,state_wi.csv,3709,April 14 2025,2025,N,WI DNR Open Data,Y,Y,
242,55,64100,1583953,Portage,,,,state_wi.csv,3496,April 14 2025,2025,N,WI DNR Open Data,Y,Y,
243,55,62240,1583916,Pewaukee (City),,,,state_wi.csv,3465,April 14 2025,2025,N,WI DNR Open Data,Y,Y,
244,55,,,McFarland,,,,state_wi.csv,3453,April 14 2025,2025,N,WI DNR Open Data,Y,Y,
245,55,17175,1583018,Cottage Grove,,,,state_wi.csv,3452,April 14 2025,2025,N,WI DNR Open Data,Y,Y,
246,55,81325,1584306,Two Rivers,,,,state_wi.csv,3354,April 14 2025,2025,N,WI DNR Open Data,Y,Y,
52,37,22920,2403604,Fayetteville city,208501,"Fayetteville, NC Metro Area",,fayetteville_nc_2.csv,3231,2014,2025,N,Fayetteville Feature Server,Y,Y,
51,37,22920,2403604,Fayetteville city,208501,"Fayetteville, NC Metro Area",,fayetteville_nc_1.csv,3230,2014,2025,N,Fayetteville Feature Layer,Y,Y,
247,55,70650,1584087,St. Francis,,,,state_wi.csv,3201,April 14 2025,2025,N,WI DNR Open Data,Y,Y,
106,9,34250,213437,Town of Groton,,,,groton_ct.csv,3199,April 25 2025,2026,N,Town of Groton ArcGIS,Y,Y,
139,18,,,"Columbus, IN",,,,columbus_in.csv,2984,,2026,Y,,Y,,
248,55,65050,1583971,Prairie du Chien,,,,state_wi.csv,2958,April 14 2025,2025,N,WI DNR Open Data,Y,Y,
249,55,8225,1582830,Bloomer,,,,state_wi.csv,2942,April 14 2025,2025,N,WI DNR Open Data,Y,Y,
250,55,52200,1583722,Milton,,,,state_wi.csv,2941,April 14 2025,2025,N,WI DNR Open Data,Y,Y,
81,13,68516,2405417,Sandy Springs city,108080,"Atlanta-Sandy Springs-Alpharetta, GA Metro Area",,sandysprings_ga.csv,2900,April 24 2024,2025,N,Sandy Springs ArcGIS,Y,Y,
251,55,39350,1583475,Kewaunee (City),,,,state_wi.csv,2679,April 14 2025,2025,N,WI DNR Open Data,Y,Y,
252,55,87725,2777646,Windsor,,,,state_wi.csv,2655,April 14 2025,2025,N,WI DNR Open Data,Y,Y,
253,55,10375,1582874,Brown Deer,,,,state_wi.csv,2615,April 14 2025,2025,N,WI DNR Open Data,Y,Y,
53,37,22920,2403604,Fayetteville city,208501,"Fayetteville, NC Metro Area",,fayetteville_nc_3.csv,2606,May 10 2017,2025,N,Fayetteville Feature Server,Y,Y,
254,55,42250,1583524,Lancaster,,,,state_wi.csv,2606,April 14 2025,2025,N,WI DNR Open Data,Y,Y,
255,55,88150,1584462,Wisconsin Dells,,,,state_wi.csv,2573,April 14 2025,2025,N,WI DNR Open Data,Y,Y,
256,55,72925,1584135,Shawano,,,,state_wi.csv,2548,April 14 2025,2025,N,WI DNR Open Data,Y,Y,
257,55,,,Grand Chute,,,,state_wi.csv,2547,April 14 2025,2025,N,WI DNR Open Data,Y,Y,
258,55,2250,1582700,Antigo,,,,state_wi.csv,2496,April 14 2025,2025,N,WI DNR Open Data,Y,Y,
259,55,80125,1584284,Tomahawk,,,,state_wi.csv,2377,April 14 2025,2025,N,WI DNR Open Data,Y,Y,
260,55,9925,1582865,Brodhead,,,,state_wi.csv,2335,April 14 2025,2025,N,WI DNR Open Data,Y,Y,
261,55,2500,1582705,Arcadia,,,,state_wi.csv,2324,April 14 2025,2025,N,WI DNR Open Data,Y,Y,
262,55,1550,1582685,Altoona,,,,state_wi.csv,2320,April 14 2025,2025,N,WI DNR Open Data,Y,Y,
263,55,62250,1583915,Pewaukee (Village),,,,state_wi.csv,2281,April 14 2025,2025,N,WI DNR Open Data,Y,Y,
264,55,68175,1584039,Ripon,,,,state_wi.csv,2161,April 14 2025,2025,N,WI DNR Open Data,Y,Y,
265,55,16450,1583005,Columbus,,,,state_wi.csv,2145,April 14 2025,2025,N,WI DNR Open Data,Y,Y,
266,55,63525,1583941,Plover,,,,state_wi.csv,2042,April 14 2025,2025,N,WI DNR Open Data,Y,Y,
144,18,,,"Richmond, IN",,,,richmond_in.csv,2027,,2026,Y,,Y,,
267,55,63250,1583933,Platteville,,,,state_wi.csv,1906,April 14 2025,2025,N,WI DNR Open Data,Y,Y,
22,18,86372,2397761,Zionsville town,30603,"Indianapolis-Carmel-Anderson, IN Metro Area",,zionsville_in.csv,1897,2025,2025,N,ArcGIS Feature Service,,,
268,55,22575,1583133,Edgerton,,,,state_wi.csv,1851,April 14 2025,2025,N,WI DNR Open Data,Y,Y,
140,18,,,"Madison county, IN",,,,madison_in.csv,1834,,2026,Y,,Y,NO LATLONG DATA,
269,55,,,Ledgeview,,,,state_wi.csv,1792,April 14 2025,2025,N,WI DNR Open Data,Y,Y,
270,55,74400,1584168,Slinger,,,,state_wi.csv,1772,April 14 2025,2025,N,WI DNR Open Data,Y,Y,
271,55,75625,1584187,Spooner,,,,state_wi.csv,1504,April 14 2025,2025,N,WI DNR Open Data,Y,Y,
272,55,25600,1583197,Fennimore,,,,state_wi.csv,1463,April 14 2025,2025,N,WI DNR Open Data,Y,Y,
273,55,86025,1761600,Weston,,,,state_wi.csv,1430,April 14 2025,2025,N,WI DNR Open Data,Y,Y,
274,55,69725,1584068,Rothschild,,,,state_wi.csv,1388,April 14 2025,2025,N,WI DNR Open Data,Y,Y,
275,55,79475,1584273,Thiensville,,,,state_wi.csv,1354,April 14 2025,2025,N,WI DNR Open Data,Y,Y,
276,55,12225,1582909,Cambridge,,,,state_wi.csv,1291,April 14 2025,2025,N,WI DNR Open Data,Y,Y,
277,55,67200,1584014,Rhinelander,,,,state_wi.csv,1228,April 14 2025,2025,N,WI DNR Open Data,Y,Y,
278,55,53100,1583725,Mineral Point,,,,state_wi.csv,1216,April 14 2025,2025,N,WI DNR Open Data,Y,Y,
279,55,48750,1583640,Maple Bluff,,,,state_wi.csv,1213,April 14 2025,2025,N,WI DNR Open Data,Y,Y,
280,55,71650,1584102,Sauk City,,,,state_wi.csv,1190,April 14 2025,2025,N,WI DNR Open Data,Y,Y,
281,55,27500,1583238,Frederic,,,,state_wi.csv,1170,April 14 2025,2025,N,WI DNR Open Data,Y,Y,
65,28,36000,2404779,Jackson city,153701,"Jackson, MS Metro Area",,jackson_ms.csv,1156,July 6 2021,2025,N,Fulghmans Inc ArcGIS,Y,Y,
282,55,64900,1583969,Poynette,,,,state_wi.csv,1156,April 14 2025,2025,N,WI DNR Open Data,Y,Y,
283,55,50025,1583673,Mauston,,,,state_wi.csv,1142,April 14 2025,2025,N,WI DNR Open Data,Y,Y,
284,55,11475,1582894,Butler,,,,state_wi.csv,1141,April 14 2025,2025,N,WI DNR Open Data,Y,Y,
285,55,86925,1584432,Whitewater,,,,state_wi.csv,1121,April 14 2025,2025,N,WI DNR Open Data,Y,Y,
62,28,70240,2405524,Starkville city,24360,"Starkville, MS Micro Area",,starkville_ms.csv,1054,December 11 2024,2025,N,Fulghmans Inc ArcGIS,Y,Y,
286,55,19250,1583060,Deerfield,,,,state_wi.csv,1052,April 14 2025,2025,N,WI DNR Open Data,Y,Y,
287,55,59875,1583859,Omro,,,,state_wi.csv,1026,April 14 2025,2025,N,WI DNR Open Data,Y,Y,
64,47,52006,2405092,Nashville-Davidson metropolitan government (balance),689447,"Nashville-Davidson--Murfreesboro--Franklin, TN Metro Area",,nashville_tn_S.csv,1015,August 1 2023,2025,N,Fulghmans Inc ArcGIS,Y,Y,
288,55,33450,1583370,Hayward,,,,state_wi.csv,1012,April 14 2025,2025,N,WI DNR Open Data,Y,Y,
289,55,275,1582653,Adams,,,,state_wi.csv,1008,April 14 2025,2025,N,WI DNR Open Data,Y,Y,
63,28,62520,2404616,Ridgeland city,24340,"Jackson, MS Metro Area",,ridgeland_ms.csv,999,February 4 2020,2025,N,Fulghmans Inc ArcGIS,Y,Y,
290,55,62450,1583918,Phillips,,,,state_wi.csv,990,April 14 2025,2025,N,WI DNR Open Data,Y,Y,
291,55,65600,1583986,Princeton,,,,state_wi.csv,988,April 14 2025,2025,N,WI DNR Open Data,Y,Y,
292,55,61200,1583895,Park Falls,,,,state_wi.csv,951,April 14 2025,2025,N,WI DNR Open Data,Y,Y,
293,55,17100,1583016,Cornell,,,,state_wi.csv,947,April 14 2025,2025,N,WI DNR Open Data,Y,Y,
294,55,40550,1992855,Kronenwetter,,,,state_wi.csv,920,April 14 2025,2025,N,WI DNR Open Data,Y,Y,
295,55,55875,1583788,Nekoosa,,,,state_wi.csv,920,April 14 2025,2025,N,WI DNR Open Data,Y,Y,
296,55,1000,1582672,Algoma,,,,state_wi.csv,905,April 14 2025,2025,N,WI DNR Open Data,Y,Y,
297,55,34825,1583393,Hillsboro,,,,state_wi.csv,902,April 14 2025,2025,N,WI DNR Open Data,Y,Y,
298,55,28450,1583259,Gays Mills,,,,state_wi.csv,883,April 14 2025,2025,N,WI DNR Open Data,Y,Y,
299,55,56800,1583809,New Holstein,,,,state_wi.csv,873,April 14 2025,2025,N,WI DNR Open Data,Y,Y,
300,55,76025,1584196,Spring Green,,,,state_wi.csv,804,April 14 2025,2025,N,WI DNR Open Data,Y,Y,
301,55,49575,1583662,Marshall,,,,state_wi.csv,778,April 14 2025,2025,N,WI DNR Open Data,Y,Y,
302,55,76625,1584210,Stanley,,,,state_wi.csv,757,April 14 2025,2025,N,WI DNR Open Data,Y,Y,
303,55,86400,1584418,Weyauwega,,,,state_wi.csv,736,April 14 2025,2025,N,WI DNR Open Data,Y,Y,
304,55,,,Sheboygan (Township),,,,state_wi.csv,735,April 14 2025,2025,N,WI DNR Open Data,Y,Y,
305,55,84375,1584375,Waupaca,,,,state_wi.csv,729,April 14 2025,2025,N,WI DNR Open Data,Y,Y,
306,55,5350,1582764,Bayfield (City),,,,state_wi.csv,724,April 14 2025,2025,N,WI DNR Open Data,Y,Y,
307,55,,,Westport,,,,state_wi.csv,646,April 14 2025,2025,N,WI DNR Open Data,Y,Y,
308,55,18025,1583036,Cumberland,,,,state_wi.csv,643,April 14 2025,2025,N,WI DNR Open Data,Y,Y,
309,55,21225,1583108,Durand,,,,state_wi.csv,640,April 14 2025,2025,N,WI DNR Open Data,Y,Y,
310,55,37825,1583448,Janesville city,65615,"Janesville-Beloit, WI Metro Area",,state_wi.csv,611,April 14 2025,2025,N,WI DNR Open Data,Y,Y,
311,55,55800,1583786,Neillsville,,,,state_wi.csv,596,April 14 2025,2025,N,WI DNR Open Data,Y,Y,
312,55,55700,1583782,Necedah,,,,state_wi.csv,590,April 14 2025,2025,N,WI DNR Open Data,Y,Y,
313,55,61100,1583892,Pardeeville,,,,state_wi.csv,528,April 14 2025,2025,N,WI DNR Open Data,Y,Y,
314,55,4875,1582755,Barron,,,,state_wi.csv,487,April 14 2025,2025,N,WI DNR Open Data,Y,Y,
71,9,37000,2378277,Hartford city (parks),121054,"Hartford-East Hartford-Middletown, CT Metro Area",,hartford_ct.csv,482,2014,2025,N,SavATree ArcGIS,Y,Y,
315,55,,,Dunn,,,,state_wi.csv,477,April 14 2025,2025,N,WI DNR Open Data,Y,Y,
316,55,9300,1582852,Brandon,,,,state_wi.csv,466,April 14 2025,2025,N,WI DNR Open Data,Y,Y,
317,55,22550,1583132,Edgar,,,,state_wi.csv,463,April 14 2025,2025,N,WI DNR Open Data,Y,Y,
318,55,77750,1584234,Stratford,,,,state_wi.csv,462,April 14 2025,2025,N,WI DNR Open Data,Y,Y,
319,55,15400,1582976,Cleveland,,,,state_wi.csv,461,April 14 2025,2025,N,WI DNR Open Data,Y,Y,
75,25,37000,618227,Lowell city,115554,"Boston-Cambridge-Newton, MA-NH Metro Area",,lowell_ma.csv,445,June 23 2023,2025,N,City of Lowell ArcGIS,Y,Y,
320,55,73200,1584143,Shell Lake,,,,state_wi.csv,428,April 14 2025,2025,N,WI DNR Open Data,Y,Y,
321,55,87700,1584453,Wind Point,,,,state_wi.csv,424,April 14 2025,2025,N,WI DNR Open Data,Y,Y,
322,55,23800,1583161,Elroy,,,,state_wi.csv,419,April 14 2025,2025,N,WI DNR Open Data,Y,Y,
323,55,86725,1584426,Whitehall,,,,state_wi.csv,394,April 14 2025,2025,N,WI DNR Open Data,Y,Y,
74,33,45140,873658,Manchester city,115644,"Manchester-Nashua, NH Metro Area",,manchester_nh.csv,374,October 13 2022,2025,N,ArcGIS,Y,Y,
324,55,24150,1583170,Ephraim,,,,state_wi.csv,356,April 14 2025,2025,N,WI DNR Open Data,Y,Y,
325,55,74625,2772244,Somers (Parks),,,,state_wi.csv,314,April 14 2025,2025,N,WI DNR Open Data,Y,Y,
326,55,65675,1583988,Pulaski,,,,state_wi.csv,295,April 14 2025,2025,N,WI DNR Open Data,Y,Y,
327,55,72150,1584112,Schofield,,,,state_wi.csv,239,April 14 2025,2025,N,WI DNR Open Data,Y,Y,
328,55,18700,1583047,Dane (Village),,,,state_wi.csv,178,April 14 2025,2025,N,WI DNR Open Data,Y,Y,
329,55,76300,1584203,Spring Valley,,,,state_wi.csv,72,April 14 2025,2025,N,WI DNR Open Data,Y,Y,
330,55,6500,1582791,Beloit city,36657,"Janesville-Beloit, WI Metro Area",,state_wi.csv,41,April 14 2025,2025,N,WI DNR Open Data,Y,Y,
331,55,88825,1584475,Woodman,,,,state_wi.csv,25,April 14 2025,2025,N,WI DNR Open Data,Y,Y,
54,37,22920,2403604,Fayetteville city,208501,"Fayetteville, NC Metro Area",,fayetteville_nc_4.csv,23,November 4 2020,2025,N,Fayetteville Feature Server,Y,Y,
33,37,55000,2404590,Raleigh city,467665,"Raleigh-Cary, NC Metro Area",,raleigh_nc.csv,,October 14 2025,2025,N,City of Raleigh ArcGIS,Y,Y,
35,21,48006,1967434,Louisville/Jefferson County metro government (balance),386884,"Louisville/Jefferson County, KY-IN Metro Area",,louisville_ky.csv,,2025,2025,N,Louisville Parks and Recreation ArcGIS Feature Service,Y,Y,
48,,,,Pinellas county,,,,,,,2025,N,,,,